CH_L,CH_R,,CH_L,CH_R
0,0,,0,0
0.54553,-0.54553,,0.54553,-0.54553
-0.91441,0.91441,,-0.91441,0.91441
0.98718,-0.98718,,0.98718,-0.98718
-0.74028,0.74028,,-0.74028,0.74028
0.25366,-0.25366,,0.25366,-0.25366
0.31511,-0.31511,,0.31511,-0.31511
-0.78183,0.78183,,-0.78183,0.78183
0.99538,-0.99538,,0.99538,-0.99538
-0.8866,0.8866,,-0.8866,0.8866
0.49072,-0.49072,,0.49072,-0.49072
0.06407,-0.06407,,0.06407,-0.06407
-0.59811,0.59811,,-0.59811,0.59811
0.93847,-0.93847,,0.93847,-0.93847
-0.97493,0.97493,,-0.97493,0.97493
0.69568,-0.69568,,0.69568,-0.69568
-0.19116,0.19116,,-0.19116,0.19116
-0.37527,0.37527,,-0.37527,0.37527
0.82017,-0.82017,,0.82017,-0.82017
0,0,,0,0
0,0,,0,0
0,0,,0,0
0,0,,0,0
0,0,,0,0
0,0,,0,0
0,0,,0,0
0,0,,0,0
0,0,,0,0
0,0,,0,0
0,0,,0,0
0,0,,0,0
0,0,,0,0
0,0,,0,0
0,0,,0,0
0,0,,0,0
0,0,,0,0
0,0,,0,0
0,0,,0,0
0,0,,0,0
-0.49072,0.49072,,-0.49072,0.49072
0.8866,-0.8866,,0.8866,-0.8866
-0.99538,0.99538,,-0.99538,0.99538
0.78183,-0.78183,,0.78183,-0.78183
-0.31511,0.31511,,-0.31511,0.31511
-0.25365,0.25365,,-0.25365,0.25365
0.74028,-0.74028,,0.74028,-0.74028
-0.98718,0.98718,,-0.98718,0.98718
0.91441,-0.91441,,0.91441,-0.91441
-0.54553,0.54553,,-0.54553,0.54553
5.12E-07,-5.12E-07,,5.12E-07,-5.12E-07
0.54553,-0.54553,,0.54553,-0.54553
-0.91441,0.91441,,-0.91441,0.91441
0.98718,-0.98718,,0.98718,-0.98718
-0.74028,0.74028,,-0.74028,0.74028
0.25365,-0.25365,,0.25365,-0.25365
0.31511,-0.31511,,0.31511,-0.31511
-0.78183,0.78183,,-0.78183,0.78183
0.99538,-0.99538,,0.99538,-0.99538
0,0,,0,0
0,0,,0,0
0,0,,0,0
0,0,,0,0
0,0,,0,0
0,0,,0,0
0,0,,0,0
0,0,,0,0
0,0,,0,0
0,0,,0,0
0,0,,0,0
0,0,,0,0
0,0,,0,0
0,0,,0,0
0,0,,0,0
0,0,,0,0
0,0,,0,0
0,0,,0,0
0,0,,0,0
0,0,,0,0
-0.85514,0.85514,,-0.85514,0.85514
0.99949,-0.99949,,,
-0.82018,0.82018,,,
0.37527,-0.37527,,,
0.19117,-0.19117,,,
-0.69568,0.69568,,,
0.97493,-0.97493,,,
-0.93847,0.93847,,,
0.59811,-0.59811,,,
-0.064082,0.064082,,,
-0.49072,0.49072,,,
0.8866,-0.8866,,,
-0.99538,0.99538,,,
0.78183,-0.78183,,,
-0.31512,0.31512,,,
-0.25365,0.25365,,,
0.74028,-0.74028,,,
-0.98718,0.98718,,,
0.91441,-0.91441,,,
-0.54554,0.54554,,,
1.02E-06,-1.02E-06,,,
0.54554,-0.54554,,,
-0.91441,0.91441,,,
0.98718,-0.98718,,,
-0.74028,0.74028,,,
0.25365,-0.25365,,,
0.31512,-0.31512,,,
-0.78183,0.78183,,,
0.99538,-0.99538,,,
-0.8866,0.8866,,,
0.49072,-0.49072,,,
0.064058,-0.064058,,,
-0.59811,0.59811,,,
0.93847,-0.93847,,,
-0.97493,0.97493,,,
0.69568,-0.69568,,,
-0.19117,0.19117,,,
-0.37526,0.37526,,,
0.82018,-0.82018,,,
-0.99949,0.99949,,,
0.85514,-0.85514,,,
-0.43389,0.43389,,,
-0.12788,0.12788,,,
0.64823,-0.64823,,,
-0.95867,0.95867,,,
0.95867,-0.95867,,,
-0.64824,0.64824,,,
0.12788,-0.12788,,,
0.43389,-0.43389,,,
-0.85514,0.85514,,,
0.99949,-0.99949,,,
-0.82018,0.82018,,,
0.37527,-0.37527,,,
0.19115,-0.19115,,,
-0.69568,0.69568,,,
0.97493,-0.97493,,,
-0.93847,0.93847,,,
0.59811,-0.59811,,,
-0.064082,0.064082,,,
-0.49071,0.49071,,,
0.8866,-0.8866,,,
-0.99538,0.99538,,,
0.78183,-0.78183,,,
-0.31512,0.31512,,,
-0.25365,0.25365,,,
0.74027,-0.74027,,,
-0.98718,0.98718,,,
0.91441,-0.91441,,,
-0.54554,0.54554,,,
2.32E-05,-2.32E-05,,,
0.54554,-0.54554,,,
-0.91441,0.91441,,,
0.98718,-0.98718,,,
-0.74027,0.74027,,,
0.25366,-0.25366,,,
0.3151,-0.3151,,,
-0.78184,0.78184,,,
0.99538,-0.99538,,,
-0.8866,0.8866,,,
0.49074,-0.49074,,,
0.064079,-0.064079,,,
-0.59811,0.59811,,,
0.93846,-0.93846,,,
-0.97492,0.97492,,,
0.69568,-0.69568,,,
-0.19117,0.19117,,,
-0.37528,0.37528,,,
0.82018,-0.82018,,,
-0.99949,0.99949,,,
0.85515,-0.85515,,,
-0.43387,0.43387,,,
-0.12787,0.12787,,,
0.64822,-0.64822,,,
-0.95867,0.95867,,,
0.95867,-0.95867,,,
-0.64824,0.64824,,,
0.1279,-0.1279,,,
0.43389,-0.43389,,,
-0.85514,0.85514,,,
0.99949,-0.99949,,,
-0.82017,0.82017,,,
0.37527,-0.37527,,,
0.19115,-0.19115,,,
-0.69569,0.69569,,,
0.97493,-0.97493,,,
-0.93847,0.93847,,,
0.59813,-0.59813,,,
-0.064061,0.064061,,,
-0.49071,0.49071,,,
0.88659,-0.88659,,,
-0.99538,0.99538,,,
0.78183,-0.78183,,,
-0.31512,0.31512,,,
-0.25363,0.25363,,,
0.74028,-0.74028,,,
-0.98718,0.98718,,,
0.91442,-0.91442,,,
-0.54553,0.54553,,,
2.05E-06,-2.05E-06,,,
0.54552,-0.54552,,,
-0.91442,0.91442,,,
0.98718,-0.98718,,,
-0.74028,0.74028,,,
0.25368,-0.25368,,,
0.31512,-0.31512,,,
-0.78183,0.78183,,,
0.99538,-0.99538,,,
-0.88659,0.88659,,,
0.49072,-0.49072,,,
0.064057,-0.064057,,,
-0.59812,0.59812,,,
0.93847,-0.93847,,,
-0.97493,0.97493,,,
0.6957,-0.6957,,,
-0.19115,0.19115,,,
-0.37526,0.37526,,,
0.82016,-0.82016,,,
-0.99949,0.99949,,,
0.85514,-0.85514,,,
-0.43389,0.43389,,,
-0.12785,0.12785,,,
0.64823,-0.64823,,,
-0.95867,0.95867,,,
0.95867,-0.95867,,,
-0.64822,0.64822,,,
0.12788,-0.12788,,,
0.43387,-0.43387,,,
-0.85515,0.85515,,,
0.99949,-0.99949,,,
-0.82018,0.82018,,,
0.37529,-0.37529,,,
0.19117,-0.19117,,,
-0.69568,0.69568,,,
0.97492,-0.97492,,,
-0.93846,0.93846,,,
0.59811,-0.59811,,,
-0.064083,0.064083,,,
-0.49073,0.49073,,,
0.8866,-0.8866,,,
-0.99538,0.99538,,,
0.78184,-0.78184,,,
-0.3151,0.3151,,,
-0.25365,0.25365,,,
0.74027,-0.74027,,,
-0.98718,0.98718,,,
0.91441,-0.91441,,,
-0.54554,0.54554,,,
2.43E-05,-2.43E-05,,,
0.54554,-0.54554,,,
-0.91441,0.91441,,,
0.98718,-0.98718,,,
-0.74027,0.74027,,,
0.25366,-0.25366,,,
0.31509,-0.31509,,,
-0.78184,0.78184,,,
0.99538,-0.99538,,,
-0.8866,0.8866,,,
0.49074,-0.49074,,,
0.064078,-0.064078,,,
-0.59811,0.59811,,,
0.93846,-0.93846,,,
-0.97493,0.97493,,,
0.69568,-0.69568,,,
-0.19117,0.19117,,,
-0.37524,0.37524,,,
0.82017,-0.82017,,,
-0.99949,0.99949,,,
0.85515,-0.85515,,,
-0.43388,0.43388,,,
-0.12787,0.12787,,,
0.64822,-0.64822,,,
-0.95867,0.95867,,,
0.95867,-0.95867,,,
-0.64824,0.64824,,,
0.1279,-0.1279,,,
0.43389,-0.43389,,,
-0.85514,0.85514,,,
0.99949,-0.99949,,,
-0.82017,0.82017,,,
0.37527,-0.37527,,,
0.19114,-0.19114,,,
-0.69569,0.69569,,,
0.97493,-0.97493,,,
-0.93847,0.93847,,,
0.59813,-0.59813,,,
-0.064062,0.064062,,,
-0.49071,0.49071,,,
0.88661,-0.88661,,,
-0.99538,0.99538,,,
0.78183,-0.78183,,,
-0.31508,0.31508,,,
-0.25363,0.25363,,,
0.74028,-0.74028,,,
-0.98719,0.98719,,,
0.91442,-0.91442,,,
-0.54553,0.54553,,,
4.65E-05,-4.65E-05,,,
0.54552,-0.54552,,,
-0.91442,0.91442,,,
0.98719,-0.98719,,,
-0.74029,0.74029,,,
0.25364,-0.25364,,,
0.31507,-0.31507,,,
-0.78183,0.78183,,,
0.99538,-0.99538,,,
-0.88661,0.88661,,,
0.49072,-0.49072,,,
0.064099,-0.064099,,,
-0.59809,0.59809,,,
0.93847,-0.93847,,,
-0.97492,0.97492,,,
0.6957,-0.6957,,,
-0.19115,0.19115,,,
-0.37522,0.37522,,,
0.82016,-0.82016,,,
-0.99949,0.99949,,,
0.85517,-0.85517,,,
-0.4339,0.4339,,,
-0.12789,0.12789,,,
0.6482,-0.6482,,,
-0.95867,0.95867,,,
0.95866,-0.95866,,,
-0.64825,0.64825,,,
0.12788,-0.12788,,,
0.43391,-0.43391,,,
-0.85513,0.85513,,,
0.99949,-0.99949,,,
-0.82015,0.82015,,,
0.37529,-0.37529,,,
0.19117,-0.19117,,,
-0.69571,0.69571,,,
0.97492,-0.97492,,,
-0.93846,0.93846,,,
0.59815,-0.59815,,,
-0.064084,0.064084,,,
-0.49073,0.49073,,,
0.88658,-0.88658,,,
-0.99538,0.99538,,,
0.78182,-0.78182,,,
-0.31514,0.31514,,,
-0.25365,0.25365,,,
0.7403,-0.7403,,,
-0.98718,0.98718,,,
0.91441,-0.91441,,,
-0.54551,0.54551,,,
2.53E-05,-2.53E-05,,,
0.54554,-0.54554,,,
-0.91443,0.91443,,,
0.98719,-0.98719,,,
-0.74027,0.74027,,,
0.2537,-0.2537,,,
0.31509,-0.31509,,,
-0.78184,0.78184,,,
0.99538,-0.99538,,,
-0.8866,0.8866,,,
0.4907,-0.4907,,,
0.064034,-0.064034,,,
-0.59811,0.59811,,,
0.93848,-0.93848,,,
-0.97493,0.97493,,,
0.69568,-0.69568,,,
-0.19113,0.19113,,,
-0.37524,0.37524,,,
0.82017,-0.82017,,,
-0.99949,0.99949,,,
0.85515,-0.85515,,,
-0.43388,0.43388,,,
-0.12783,0.12783,,,
0.64822,-0.64822,,,
-0.95867,0.95867,,,
0.95868,-0.95868,,,
-0.64824,0.64824,,,
0.12786,-0.12786,,,
0.43385,-0.43385,,,
-0.85514,0.85514,,,
0.99949,-0.99949,,,
-0.82019,0.82019,,,
0.37527,-0.37527,,,
0.19119,-0.19119,,,
-0.69566,0.69566,,,
0.97493,-0.97493,,,
-0.93846,0.93846,,,
0.59813,-0.59813,,,
-0.064063,0.064063,,,
-0.49067,0.49067,,,
0.88659,-0.88659,,,
-0.99538,0.99538,,,
0.78186,-0.78186,,,
-0.31512,0.31512,,,
-0.25367,0.25367,,,
0.74025,-0.74025,,,
-0.98718,0.98718,,,
0.9144,-0.9144,,,
-0.54556,0.54556,,,
4.09E-06,-4.09E-06,,,
0.54556,-0.54556,,,
-0.9144,0.9144,,,
0.98718,-0.98718,,,
-0.74026,0.74026,,,
0.25368,-0.25368,,,
0.31511,-0.31511,,,
-0.78185,0.78185,,,
0.99538,-0.99538,,,
-0.88659,0.88659,,,
0.49076,-0.49076,,,
0.064055,-0.064055,,,
-0.59812,0.59812,,,
0.93845,-0.93845,,,
-0.97493,0.97493,,,
0.69567,-0.69567,,,
-0.19119,0.19119,,,
-0.37526,0.37526,,,
0.82019,-0.82019,,,
-0.99949,0.99949,,,
0.85514,-0.85514,,,
-0.43386,0.43386,,,
-0.12785,0.12785,,,
0.64823,-0.64823,,,
-0.95868,0.95868,,,
0.95867,-0.95867,,,
-0.64822,0.64822,,,
0.12792,-0.12792,,,
0.43387,-0.43387,,,
-0.85515,0.85515,,,
0.99949,-0.99949,,,
-0.82018,0.82018,,,
0.37525,-0.37525,,,
0.19112,-0.19112,,,
-0.69568,0.69568,,,
0.97493,-0.97493,,,
-0.93848,0.93848,,,
0.59811,-0.59811,,,
-0.064042,0.064042,,,
-0.49069,0.49069,,,
0.8866,-0.8866,,,
-0.99538,0.99538,,,
0.78185,-0.78185,,,
-0.3151,0.3151,,,
-0.25361,0.25361,,,
0.74027,-0.74027,,,
-0.98718,0.98718,,,
0.91443,-0.91443,,,
-0.54555,0.54555,,,
-1.71E-05,1.71E-05,,,
0.5455,-0.5455,,,
-0.91441,0.91441,,,
0.98718,-0.98718,,,
-0.7403,0.7403,,,
0.25366,-0.25366,,,
0.31513,-0.31513,,,
-0.78181,0.78181,,,
0.99538,-0.99538,,,
-0.88658,0.88658,,,
0.49074,-0.49074,,,
0.064076,-0.064076,,,
-0.59807,0.59807,,,
0.93846,-0.93846,,,
-0.97493,0.97493,,,
0.69572,-0.69572,,,
-0.19117,0.19117,,,
-0.37528,0.37528,,,
0.82015,-0.82015,,,
-0.99949,0.99949,,,
0.85513,-0.85513,,,
-0.43392,0.43392,,,
-0.12787,0.12787,,,
0.64825,-0.64825,,,
-0.95866,0.95866,,,
0.95867,-0.95867,,,
-0.64821,0.64821,,,
0.1279,-0.1279,,,
0.43389,-0.43389,,,
-0.85516,0.85516,,,
0.99949,-0.99949,,,
-0.82017,0.82017,,,
0.37531,-0.37531,,,
0.19114,-0.19114,,,
-0.69569,0.69569,,,
0.97492,-0.97492,,,
-0.93847,0.93847,,,
0.5981,-0.5981,,,
-0.064107,0.064107,,,
-0.49071,0.49071,,,
0.88661,-0.88661,,,
-0.99538,0.99538,,,
0.78183,-0.78183,,,
-0.31508,0.31508,,,
-0.25363,0.25363,,,
0.74028,-0.74028,,,
-0.98719,0.98719,,,
0.91442,-0.91442,,,
-0.54553,0.54553,,,
4.85E-05,-4.85E-05,,,
0.54552,-0.54552,,,
-0.91442,0.91442,,,
0.98719,-0.98719,,,
-0.74029,0.74029,,,
0.25364,-0.25364,,,
0.31507,-0.31507,,,
-0.78183,0.78183,,,
0.99538,-0.99538,,,
-0.88662,0.88662,,,
0.49072,-0.49072,,,
0.064097,-0.064097,,,
-0.59809,0.59809,,,
0.93847,-0.93847,,,
-0.97492,0.97492,,,
0.6957,-0.6957,,,
-0.19115,0.19115,,,
-0.37522,0.37522,,,
0.82016,-0.82016,,,
-0.99949,0.99949,,,
0.85517,-0.85517,,,
-0.4339,0.4339,,,
-0.12789,0.12789,,,
0.6482,-0.6482,,,
-0.95867,0.95867,,,
0.95866,-0.95866,,,
-0.64826,0.64826,,,
0.12788,-0.12788,,,
0.43391,-0.43391,,,
-0.85513,0.85513,,,
0.99949,-0.99949,,,
-0.82015,0.82015,,,
0.37529,-0.37529,,,
0.19116,-0.19116,,,
-0.69565,0.69565,,,
0.97492,-0.97492,,,
-0.93847,0.93847,,,
0.59815,-0.59815,,,
-0.064086,0.064086,,,
-0.49073,0.49073,,,
0.88658,-0.88658,,,
-0.99538,0.99538,,,
0.78182,-0.78182,,,
-0.31514,0.31514,,,
-0.25365,0.25365,,,
0.74029,-0.74029,,,
-0.98718,0.98718,,,
0.91441,-0.91441,,,
-0.54551,0.54551,,,
2.73E-05,-2.73E-05,,,
0.54554,-0.54554,,,
-0.91443,0.91443,,,
0.98719,-0.98719,,,
-0.74027,0.74027,,,
0.2537,-0.2537,,,
0.31509,-0.31509,,,
-0.78184,0.78184,,,
0.99537,-0.99537,,,
-0.88661,0.88661,,,
0.4907,-0.4907,,,
0.064032,-0.064032,,,
-0.5981,0.5981,,,
0.93848,-0.93848,,,
-0.97494,0.97494,,,
0.69568,-0.69568,,,
-0.19113,0.19113,,,
-0.37524,0.37524,,,
0.82017,-0.82017,,,
-0.99949,0.99949,,,
0.85516,-0.85516,,,
-0.43388,0.43388,,,
-0.12783,0.12783,,,
0.64821,-0.64821,,,
-0.95867,0.95867,,,
0.95868,-0.95868,,,
-0.64824,0.64824,,,
0.12786,-0.12786,,,
0.43385,-0.43385,,,
-0.85514,0.85514,,,
0.99949,-0.99949,,,
-0.82014,0.82014,,,
0.37527,-0.37527,,,
0.1911,-0.1911,,,
-0.69572,0.69572,,,
0.97493,-0.97493,,,
-0.93849,0.93849,,,
0.59806,-0.59806,,,
-0.064065,0.064065,,,
-0.49067,0.49067,,,
0.88663,-0.88663,,,
-0.99538,0.99538,,,
0.78186,-0.78186,,,
-0.31504,0.31504,,,
-0.25367,0.25367,,,
0.74025,-0.74025,,,
-0.98719,0.98719,,,
0.9144,-0.9144,,,
-0.54557,0.54557,,,
9.30E-05,-9.30E-05,,,
0.54556,-0.54556,,,
-0.9144,0.9144,,,
0.9872,-0.9872,,,
-0.74026,0.74026,,,
0.25368,-0.25368,,,
0.31503,-0.31503,,,
-0.78185,0.78185,,,
0.99538,-0.99538,,,
-0.88664,0.88664,,,
0.49068,-0.49068,,,
0.064053,-0.064053,,,
-0.59805,0.59805,,,
0.93848,-0.93848,,,
-0.97493,0.97493,,,
0.69573,-0.69573,,,
-0.19111,0.19111,,,
-0.37526,0.37526,,,
0.82014,-0.82014,,,
-0.99949,0.99949,,,
0.85514,-0.85514,,,
-0.43394,0.43394,,,
-0.12793,0.12793,,,
0.64823,-0.64823,,,
-0.95865,0.95865,,,
0.95865,-0.95865,,,
-0.64822,0.64822,,,
0.12793,-0.12793,,,
0.43395,-0.43395,,,
-0.85515,0.85515,,,
0.99949,-0.99949,,,
-0.82013,0.82013,,,
0.37525,-0.37525,,,
0.19112,-0.19112,,,
-0.69561,0.69561,,,
0.97493,-0.97493,,,
-0.93848,0.93848,,,
0.59818,-0.59818,,,
-0.064044,0.064044,,,
-0.49069,0.49069,,,
0.88656,-0.88656,,,
-0.99538,0.99538,,,
0.78185,-0.78185,,,
-0.31519,0.31519,,,
-0.25369,0.25369,,,
0.74026,-0.74026,,,
-0.98717,0.98717,,,
0.9144,-0.9144,,,
-0.54555,0.54555,,,
7.18E-05,-7.18E-05,,,
0.54557,-0.54557,,,
-0.91441,0.91441,,,
0.98719,-0.98719,,,
-0.74024,0.74024,,,
0.25366,-0.25366,,,
0.31505,-0.31505,,,
-0.78187,0.78187,,,
0.99538,-0.99538,,,
-0.88663,0.88663,,,
0.49067,-0.49067,,,
0.064074,-0.064074,,,
-0.59807,0.59807,,,
0.93849,-0.93849,,,
-0.97493,0.97493,,,
0.69572,-0.69572,,,
-0.19109,0.19109,,,
-0.37528,0.37528,,,
0.82015,-0.82015,,,
-0.99949,0.99949,,,
0.85513,-0.85513,,,
-0.43392,0.43392,,,
-0.12778,0.12778,,,
0.64825,-0.64825,,,
-0.95866,0.95866,,,
0.95869,-0.95869,,,
-0.64821,0.64821,,,
0.12791,-0.12791,,,
0.43381,-0.43381,,,
-0.85516,0.85516,,,
0.99949,-0.99949,,,
-0.82022,0.82022,,,
0.37523,-0.37523,,,
0.19114,-0.19114,,,
-0.69563,0.69563,,,
0.97494,-0.97494,,,
-0.93847,0.93847,,,
0.59817,-0.59817,,,
-0.064023,0.064023,,,
-0.49071,0.49071,,,
0.88657,-0.88657,,,
-0.99537,0.99537,,,
0.78183,-0.78183,,,
-0.31517,0.31517,,,
-0.25371,0.25371,,,
0.74028,-0.74028,,,
-0.98717,0.98717,,,
0.91439,-0.91439,,,
-0.54553,0.54553,,,
5.06E-05,-5.06E-05,,,
0.54559,-0.54559,,,
-0.91442,0.91442,,,
0.98719,-0.98719,,,
-0.74023,0.74023,,,
0.25364,-0.25364,,,
0.31507,-0.31507,,,
-0.78177,0.78177,,,
0.99538,-0.99538,,,
-0.88662,0.88662,,,
0.4908,-0.4908,,,
0.064095,-0.064095,,,
-0.59809,0.59809,,,
0.93844,-0.93844,,,
-0.97492,0.97492,,,
0.6957,-0.6957,,,
-0.19124,0.19124,,,
-0.3753,0.3753,,,
0.82016,-0.82016,,,
-0.99948,0.99948,,,
0.85512,-0.85512,,,
-0.4339,0.4339,,,
-0.1278,0.1278,,,
0.64826,-0.64826,,,
-0.95866,0.95866,,,
0.95869,-0.95869,,,
-0.64819,0.64819,,,
0.12788,-0.12788,,,
0.43383,-0.43383,,,
-0.85517,0.85517,,,
0.99949,-0.99949,,,
-0.82021,0.82021,,,
0.37521,-0.37521,,,
0.19116,-0.19116,,,
-0.69564,0.69564,,,
0.97494,-0.97494,,,
-0.93847,0.93847,,,
0.59815,-0.59815,,,
-0.064002,0.064002,,,
-0.49073,0.49073,,,
0.88658,-0.88658,,,
-0.99537,0.99537,,,
0.78182,-0.78182,,,
-0.31515,0.31515,,,
-0.25356,0.25356,,,
0.74029,-0.74029,,,
-0.98718,0.98718,,,
0.91445,-0.91445,,,
-0.54551,0.54551,,,
2.94E-05,-2.94E-05,,,
0.54546,-0.54546,,,
-0.91443,0.91443,,,
0.98719,-0.98719,,,
-0.74033,0.74033,,,
0.25362,-0.25362,,,
0.31509,-0.31509,,,
-0.78178,0.78178,,,
0.99538,-0.99538,,,
-0.88661,0.88661,,,
0.49078,-0.49078,,,
0.064116,-0.064116,,,
-0.5981,0.5981,,,
0.93845,-0.93845,,,
-0.97492,0.97492,,,
0.69569,-0.69569,,,
-0.19122,0.19122,,,
-0.37532,0.37532,,,
0.82017,-0.82017,,,
-0.99948,0.99948,,,
0.85511,-0.85511,,,
-0.43388,0.43388,,,
-0.12783,0.12783,,,
0.64828,-0.64828,,,
-0.95867,0.95867,,,
0.95868,-0.95868,,,
-0.64817,0.64817,,,
0.12786,-0.12786,,,
0.43385,-0.43385,,,
-0.85509,0.85509,,,
0.99949,-0.99949,,,
-0.82019,0.82019,,,
0.37535,-0.37535,,,
0.19118,-0.19118,,,
-0.69566,0.69566,,,
0.97491,-0.97491,,,
-0.93846,0.93846,,,
0.59813,-0.59813,,,
-0.064154,0.064154,,,
-0.49075,0.49075,,,
0.88659,-0.88659,,,
-0.99539,0.99539,,,
0.78181,-0.78181,,,
-0.31513,0.31513,,,
-0.25358,0.25358,,,
0.74031,-0.74031,,,
-0.98718,0.98718,,,
0.91444,-0.91444,,,
-0.54549,0.54549,,,
8.19E-06,-8.19E-06,,,
0.54548,-0.54548,,,
-0.91443,0.91443,,,
0.98718,-0.98718,,,
-0.74032,0.74032,,,
0.2536,-0.2536,,,
0.31511,-0.31511,,,
-0.7818,0.7818,,,
0.99539,-0.99539,,,
-0.8866,0.8866,,,
0.49076,-0.49076,,,
0.064138,-0.064138,,,
-0.59812,0.59812,,,
0.93845,-0.93845,,,
-0.97491,0.97491,,,
0.69567,-0.69567,,,
-0.1912,0.1912,,,
-0.37518,0.37518,,,
0.82018,-0.82018,,,
-0.99949,0.99949,,,
0.85519,-0.85519,,,
-0.43386,0.43386,,,
-0.12785,0.12785,,,
0.64816,-0.64816,,,
-0.95868,0.95868,,,
0.95868,-0.95868,,,
-0.64829,0.64829,,,
0.12784,-0.12784,,,
0.43386,-0.43386,,,
-0.8551,0.8551,,,
0.99948,-0.99948,,,
-0.82018,0.82018,,,
0.37533,-0.37533,,,
0.1912,-0.1912,,,
-0.69567,0.69567,,,
0.97491,-0.97491,,,
-0.93845,0.93845,,,
0.59812,-0.59812,,,
-0.064133,0.064133,,,
-0.49077,0.49077,,,
0.8866,-0.8866,,,
-0.99538,0.99538,,,
0.78179,-0.78179,,,
-0.31511,0.31511,,,
-0.2536,0.2536,,,
0.74032,-0.74032,,,
-0.98718,0.98718,,,
0.91443,-0.91443,,,
-0.54548,0.54548,,,
-1.30E-05,1.30E-05,,,
0.5455,-0.5455,,,
-0.91437,0.91437,,,
0.98718,-0.98718,,,
-0.7403,0.7403,,,
0.25375,-0.25375,,,
0.31513,-0.31513,,,
-0.78181,0.78181,,,
0.99537,-0.99537,,,
-0.88659,0.88659,,,
0.49074,-0.49074,,,
0.063985,-0.063985,,,
-0.59814,0.59814,,,
0.93846,-0.93846,,,
-0.97495,0.97495,,,
0.69566,-0.69566,,,
-0.19118,0.19118,,,
-0.3752,0.3752,,,
0.8202,-0.8202,,,
-0.99949,0.99949,,,
0.85518,-0.85518,,,
-0.43384,0.43384,,,
-0.12787,0.12787,,,
0.64818,-0.64818,,,
-0.95868,0.95868,,,
0.95867,-0.95867,,,
-0.64827,0.64827,,,
0.12782,-0.12782,,,
0.43388,-0.43388,,,
-0.85511,0.85511,,,
0.99948,-0.99948,,,
-0.82017,0.82017,,,
0.37531,-0.37531,,,
0.19122,-0.19122,,,
-0.69569,0.69569,,,
0.97492,-0.97492,,,
-0.93844,0.93844,,,
0.5981,-0.5981,,,
-0.064112,0.064112,,,
-0.49063,0.49063,,,
0.88661,-0.88661,,,
-0.99538,0.99538,,,
0.78189,-0.78189,,,
-0.31508,0.31508,,,
-0.25362,0.25362,,,
0.74022,-0.74022,,,
-0.98719,0.98719,,,
0.91442,-0.91442,,,
-0.5456,0.5456,,,
-3.42E-05,3.42E-05,,,
0.54552,-0.54552,,,
-0.91438,0.91438,,,
0.98718,-0.98718,,,
-0.74029,0.74029,,,
0.25373,-0.25373,,,
0.31515,-0.31515,,,
-0.78182,0.78182,,,
0.99537,-0.99537,,,
-0.88658,0.88658,,,
0.49072,-0.49072,,,
0.064007,-0.064007,,,
-0.59815,0.59815,,,
0.93847,-0.93847,,,
-0.97494,0.97494,,,
0.69564,-0.69564,,,
-0.19116,0.19116,,,
-0.37522,0.37522,,,
0.82021,-0.82021,,,
-0.99949,0.99949,,,
0.85517,-0.85517,,,
-0.43382,0.43382,,,
-0.12789,0.12789,,,
0.64819,-0.64819,,,
-0.95864,0.95864,,,
0.95866,-0.95866,,,
-0.64826,0.64826,,,
0.12797,-0.12797,,,
0.4339,-0.4339,,,
-0.85512,0.85512,,,
0.99949,-0.99949,,,
-0.82016,0.82016,,,
0.37529,-0.37529,,,
0.19107,-0.19107,,,
-0.6957,0.6957,,,
0.97492,-0.97492,,,
-0.9385,0.9385,,,
0.59808,-0.59808,,,
-0.06409,0.06409,,,
-0.49065,0.49065,,,
0.88662,-0.88662,,,
-0.99538,0.99538,,,
0.78188,-0.78188,,,
-0.31506,0.31506,,,
-0.25364,0.25364,,,
0.74023,-0.74023,,,
-0.98719,0.98719,,,
0.91441,-0.91441,,,
-0.54559,0.54559,,,
-5.54E-05,5.54E-05,,,
0.54553,-0.54553,,,
-0.91439,0.91439,,,
0.98717,-0.98717,,,
-0.74028,0.74028,,,
0.25371,-0.25371,,,
0.31517,-0.31517,,,
-0.78184,0.78184,,,
0.99537,-0.99537,,,
-0.88657,0.88657,,,
0.49071,-0.49071,,,
0.064028,-0.064028,,,
-0.59803,0.59803,,,
0.93847,-0.93847,,,
-0.97494,0.97494,,,
0.69575,-0.69575,,,
-0.19114,0.19114,,,
-0.37524,0.37524,,,
0.82012,-0.82012,,,
-0.99949,0.99949,,,
0.85516,-0.85516,,,
-0.43396,0.43396,,,
-0.12791,0.12791,,,
0.64821,-0.64821,,,
-0.95865,0.95865,,,
0.95866,-0.95866,,,
-0.64824,0.64824,,,
0.12795,-0.12795,,,
0.43392,-0.43392,,,
-0.85514,0.85514,,,
0.99949,-0.99949,,,
-0.82015,0.82015,,,
0.37528,-0.37528,,,
0.19109,-0.19109,,,
-0.69572,0.69572,,,
0.97493,-0.97493,,,
-0.93849,0.93849,,,
0.59806,-0.59806,,,
-0.064069,0.064069,,,
-0.49067,0.49067,,,
0.88663,-0.88663,,,
-0.99538,0.99538,,,
0.78186,-0.78186,,,
-0.31504,0.31504,,,
-0.25366,0.25366,,,
0.74025,-0.74025,,,
-0.98717,0.98717,,,
0.91441,-0.91441,,,
-0.54557,0.54557,,,
9.71E-05,-9.71E-05,,,
0.54555,-0.54555,,,
-0.9144,0.9144,,,
0.9872,-0.9872,,,
-0.74026,0.74026,,,
0.25368,-0.25368,,,
0.31503,-0.31503,,,
-0.78185,0.78185,,,
0.99538,-0.99538,,,
-0.88664,0.88664,,,
0.49069,-0.49069,,,
0.064049,-0.064049,,,
-0.59805,0.59805,,,
0.93848,-0.93848,,,
-0.97493,0.97493,,,
0.69573,-0.69573,,,
-0.19111,0.19111,,,
-0.37526,0.37526,,,
0.82013,-0.82013,,,
-0.99949,0.99949,,,
0.85515,-0.85515,,,
-0.43394,0.43394,,,
-0.12793,0.12793,,,
0.64823,-0.64823,,,
-0.95865,0.95865,,,
0.95865,-0.95865,,,
-0.64823,0.64823,,,
0.12793,-0.12793,,,
0.43394,-0.43394,,,
-0.85515,0.85515,,,
0.99949,-0.99949,,,
-0.82013,0.82013,,,
0.37526,-0.37526,,,
0.19112,-0.19112,,,
-0.69561,0.69561,,,
0.97493,-0.97493,,,
-0.93848,0.93848,,,
0.59819,-0.59819,,,
-0.064048,0.064048,,,
-0.49069,0.49069,,,
0.88656,-0.88656,,,
-0.99538,0.99538,,,
0.78185,-0.78185,,,
-0.31519,0.31519,,,
-0.25369,0.25369,,,
0.74026,-0.74026,,,
-0.98717,0.98717,,,
0.9144,-0.9144,,,
-0.54555,0.54555,,,
7.59E-05,-7.59E-05,,,
0.54557,-0.54557,,,
-0.91441,0.91441,,,
0.98719,-0.98719,,,
-0.74025,0.74025,,,
0.25366,-0.25366,,,
0.31505,-0.31505,,,
-0.78186,0.78186,,,
0.99538,-0.99538,,,
-0.88663,0.88663,,,
0.49067,-0.49067,,,
0.06407,-0.06407,,,
-0.59807,0.59807,,,
0.93849,-0.93849,,,
-0.97493,0.97493,,,
0.69572,-0.69572,,,
-0.19109,0.19109,,,
-0.37528,0.37528,,,
0.82015,-0.82015,,,
-0.99948,0.99948,,,
0.85514,-0.85514,,,
-0.43392,0.43392,,,
-0.12778,0.12778,,,
0.64824,-0.64824,,,
-0.95866,0.95866,,,
0.95869,-0.95869,,,
-0.64821,0.64821,,,
0.12791,-0.12791,,,
0.4338,-0.4338,,,
-0.85516,0.85516,,,
0.99949,-0.99949,,,
-0.82022,0.82022,,,
0.37524,-0.37524,,,
0.19114,-0.19114,,,
-0.69563,0.69563,,,
0.97494,-0.97494,,,
-0.93847,0.93847,,,
0.59817,-0.59817,,,
-0.064027,0.064027,,,
-0.49071,0.49071,,,
0.88657,-0.88657,,,
-0.99537,0.99537,,,
0.78184,-0.78184,,,
-0.31517,0.31517,,,
-0.25371,0.25371,,,
0.74028,-0.74028,,,
-0.98717,0.98717,,,
0.91439,-0.91439,,,
-0.54553,0.54553,,,
5.47E-05,-5.47E-05,,,
0.54559,-0.54559,,,
-0.91442,0.91442,,,
0.98719,-0.98719,,,
-0.74023,0.74023,,,
0.25364,-0.25364,,,
0.31507,-0.31507,,,
-0.78177,0.78177,,,
0.99538,-0.99538,,,
-0.88662,0.88662,,,
0.4908,-0.4908,,,
0.064091,-0.064091,,,
-0.59808,0.59808,,,
0.93844,-0.93844,,,
-0.97492,0.97492,,,
0.6957,-0.6957,,,
-0.19124,0.19124,,,
-0.3753,0.3753,,,
0.82016,-0.82016,,,
-0.99948,0.99948,,,
0.85512,-0.85512,,,
-0.4339,0.4339,,,
-0.1278,0.1278,,,
0.64826,-0.64826,,,
-0.95866,0.95866,,,
0.95869,-0.95869,,,
-0.64819,0.64819,,,
0.12789,-0.12789,,,
0.43382,-0.43382,,,
-0.85517,0.85517,,,
0.99949,-0.99949,,,
-0.82021,0.82021,,,
0.37522,-0.37522,,,
0.19116,-0.19116,,,
-0.69564,0.69564,,,
0.97494,-0.97494,,,
-0.93847,0.93847,,,
0.59815,-0.59815,,,
-0.064006,0.064006,,,
-0.49072,0.49072,,,
0.88658,-0.88658,,,
-0.99539,0.99539,,,
0.78182,-0.78182,,,
-0.31515,0.31515,,,
-0.25356,0.25356,,,
0.74029,-0.74029,,,
-0.98718,0.98718,,,
0.91445,-0.91445,,,
-0.54552,0.54552,,,
3.35E-05,-3.35E-05,,,
0.54546,-0.54546,,,
-0.91442,0.91442,,,
0.98719,-0.98719,,,
-0.74034,0.74034,,,
0.25362,-0.25362,,,
0.31509,-0.31509,,,
-0.78178,0.78178,,,
0.99538,-0.99538,,,
